"date","hits","keyword","geo","time","gprop","category"
2012-01-01,76,"human rights","world","2012-01-01 2021-12-31","web",0
2012-02-01,89,"human rights","world","2012-01-01 2021-12-31","web",0
2012-03-01,100,"human rights","world","2012-01-01 2021-12-31","web",0
2012-04-01,87,"human rights","world","2012-01-01 2021-12-31","web",0
2012-05-01,87,"human rights","world","2012-01-01 2021-12-31","web",0
2012-06-01,69,"human rights","world","2012-01-01 2021-12-31","web",0
2012-07-01,59,"human rights","world","2012-01-01 2021-12-31","web",0
2012-08-01,60,"human rights","world","2012-01-01 2021-12-31","web",0
2012-09-01,74,"human rights","world","2012-01-01 2021-12-31","web",0
2012-10-01,83,"human rights","world","2012-01-01 2021-12-31","web",0
2012-11-01,83,"human rights","world","2012-01-01 2021-12-31","web",0
2012-12-01,67,"human rights","world","2012-01-01 2021-12-31","web",0
2013-01-01,71,"human rights","world","2012-01-01 2021-12-31","web",0
2013-02-01,84,"human rights","world","2012-01-01 2021-12-31","web",0
2013-03-01,96,"human rights","world","2012-01-01 2021-12-31","web",0
2013-04-01,84,"human rights","world","2012-01-01 2021-12-31","web",0
2013-05-01,79,"human rights","world","2012-01-01 2021-12-31","web",0
2013-06-01,65,"human rights","world","2012-01-01 2021-12-31","web",0
2013-07-01,58,"human rights","world","2012-01-01 2021-12-31","web",0
2013-08-01,58,"human rights","world","2012-01-01 2021-12-31","web",0
2013-09-01,67,"human rights","world","2012-01-01 2021-12-31","web",0
2013-10-01,80,"human rights","world","2012-01-01 2021-12-31","web",0
2013-11-01,80,"human rights","world","2012-01-01 2021-12-31","web",0
2013-12-01,78,"human rights","world","2012-01-01 2021-12-31","web",0
2014-01-01,68,"human rights","world","2012-01-01 2021-12-31","web",0
2014-02-01,84,"human rights","world","2012-01-01 2021-12-31","web",0
2014-03-01,87,"human rights","world","2012-01-01 2021-12-31","web",0
2014-04-01,80,"human rights","world","2012-01-01 2021-12-31","web",0
2014-05-01,92,"human rights","world","2012-01-01 2021-12-31","web",0
2014-06-01,61,"human rights","world","2012-01-01 2021-12-31","web",0
2014-07-01,57,"human rights","world","2012-01-01 2021-12-31","web",0
2014-08-01,59,"human rights","world","2012-01-01 2021-12-31","web",0
2014-09-01,73,"human rights","world","2012-01-01 2021-12-31","web",0
2014-10-01,85,"human rights","world","2012-01-01 2021-12-31","web",0
2014-11-01,81,"human rights","world","2012-01-01 2021-12-31","web",0
2014-12-01,72,"human rights","world","2012-01-01 2021-12-31","web",0
2015-01-01,68,"human rights","world","2012-01-01 2021-12-31","web",0
2015-02-01,77,"human rights","world","2012-01-01 2021-12-31","web",0
2015-03-01,86,"human rights","world","2012-01-01 2021-12-31","web",0
2015-04-01,81,"human rights","world","2012-01-01 2021-12-31","web",0
2015-05-01,96,"human rights","world","2012-01-01 2021-12-31","web",0
2015-06-01,67,"human rights","world","2012-01-01 2021-12-31","web",0
2015-07-01,54,"human rights","world","2012-01-01 2021-12-31","web",0
2015-08-01,56,"human rights","world","2012-01-01 2021-12-31","web",0
2015-09-01,76,"human rights","world","2012-01-01 2021-12-31","web",0
2015-10-01,86,"human rights","world","2012-01-01 2021-12-31","web",0
2015-11-01,80,"human rights","world","2012-01-01 2021-12-31","web",0
2015-12-01,70,"human rights","world","2012-01-01 2021-12-31","web",0
2016-01-01,72,"human rights","world","2012-01-01 2021-12-31","web",0
2016-02-01,82,"human rights","world","2012-01-01 2021-12-31","web",0
2016-03-01,85,"human rights","world","2012-01-01 2021-12-31","web",0
2016-04-01,90,"human rights","world","2012-01-01 2021-12-31","web",0
2016-05-01,95,"human rights","world","2012-01-01 2021-12-31","web",0
2016-06-01,68,"human rights","world","2012-01-01 2021-12-31","web",0
2016-07-01,55,"human rights","world","2012-01-01 2021-12-31","web",0
2016-08-01,61,"human rights","world","2012-01-01 2021-12-31","web",0
2016-09-01,72,"human rights","world","2012-01-01 2021-12-31","web",0
2016-10-01,79,"human rights","world","2012-01-01 2021-12-31","web",0
2016-11-01,85,"human rights","world","2012-01-01 2021-12-31","web",0
2016-12-01,71,"human rights","world","2012-01-01 2021-12-31","web",0
2017-01-01,69,"human rights","world","2012-01-01 2021-12-31","web",0
2017-02-01,82,"human rights","world","2012-01-01 2021-12-31","web",0
2017-03-01,92,"human rights","world","2012-01-01 2021-12-31","web",0
2017-04-01,80,"human rights","world","2012-01-01 2021-12-31","web",0
2017-05-01,97,"human rights","world","2012-01-01 2021-12-31","web",0
2017-06-01,63,"human rights","world","2012-01-01 2021-12-31","web",0
2017-07-01,51,"human rights","world","2012-01-01 2021-12-31","web",0
2017-08-01,55,"human rights","world","2012-01-01 2021-12-31","web",0
2017-09-01,74,"human rights","world","2012-01-01 2021-12-31","web",0
2017-10-01,77,"human rights","world","2012-01-01 2021-12-31","web",0
2017-11-01,76,"human rights","world","2012-01-01 2021-12-31","web",0
2017-12-01,67,"human rights","world","2012-01-01 2021-12-31","web",0
2018-01-01,64,"human rights","world","2012-01-01 2021-12-31","web",0
2018-02-01,75,"human rights","world","2012-01-01 2021-12-31","web",0
2018-03-01,80,"human rights","world","2012-01-01 2021-12-31","web",0
2018-04-01,76,"human rights","world","2012-01-01 2021-12-31","web",0
2018-05-01,85,"human rights","world","2012-01-01 2021-12-31","web",0
2018-06-01,77,"human rights","world","2012-01-01 2021-12-31","web",0
2018-07-01,51,"human rights","world","2012-01-01 2021-12-31","web",0
2018-08-01,56,"human rights","world","2012-01-01 2021-12-31","web",0
2018-09-01,74,"human rights","world","2012-01-01 2021-12-31","web",0
2018-10-01,79,"human rights","world","2012-01-01 2021-12-31","web",0
2018-11-01,75,"human rights","world","2012-01-01 2021-12-31","web",0
2018-12-01,69,"human rights","world","2012-01-01 2021-12-31","web",0
2019-01-01,65,"human rights","world","2012-01-01 2021-12-31","web",0
2019-02-01,74,"human rights","world","2012-01-01 2021-12-31","web",0
2019-03-01,77,"human rights","world","2012-01-01 2021-12-31","web",0
2019-04-01,72,"human rights","world","2012-01-01 2021-12-31","web",0
2019-05-01,78,"human rights","world","2012-01-01 2021-12-31","web",0
2019-06-01,59,"human rights","world","2012-01-01 2021-12-31","web",0
2019-07-01,53,"human rights","world","2012-01-01 2021-12-31","web",0
2019-08-01,53,"human rights","world","2012-01-01 2021-12-31","web",0
2019-09-01,73,"human rights","world","2012-01-01 2021-12-31","web",0
2019-10-01,74,"human rights","world","2012-01-01 2021-12-31","web",0
2019-11-01,80,"human rights","world","2012-01-01 2021-12-31","web",0
2019-12-01,70,"human rights","world","2012-01-01 2021-12-31","web",0
2020-01-01,67,"human rights","world","2012-01-01 2021-12-31","web",0
2020-02-01,73,"human rights","world","2012-01-01 2021-12-31","web",0
2020-03-01,62,"human rights","world","2012-01-01 2021-12-31","web",0
2020-04-01,60,"human rights","world","2012-01-01 2021-12-31","web",0
2020-05-01,61,"human rights","world","2012-01-01 2021-12-31","web",0
2020-06-01,69,"human rights","world","2012-01-01 2021-12-31","web",0
2020-07-01,57,"human rights","world","2012-01-01 2021-12-31","web",0
2020-08-01,54,"human rights","world","2012-01-01 2021-12-31","web",0
2020-09-01,68,"human rights","world","2012-01-01 2021-12-31","web",0
2020-10-01,69,"human rights","world","2012-01-01 2021-12-31","web",0
2020-11-01,64,"human rights","world","2012-01-01 2021-12-31","web",0
2020-12-01,68,"human rights","world","2012-01-01 2021-12-31","web",0
2021-01-01,57,"human rights","world","2012-01-01 2021-12-31","web",0
2021-02-01,64,"human rights","world","2012-01-01 2021-12-31","web",0
2021-03-01,71,"human rights","world","2012-01-01 2021-12-31","web",0
2021-04-01,64,"human rights","world","2012-01-01 2021-12-31","web",0
2021-05-01,70,"human rights","world","2012-01-01 2021-12-31","web",0
2021-06-01,69,"human rights","world","2012-01-01 2021-12-31","web",0
2021-07-01,50,"human rights","world","2012-01-01 2021-12-31","web",0
2021-08-01,51,"human rights","world","2012-01-01 2021-12-31","web",0
2021-09-01,73,"human rights","world","2012-01-01 2021-12-31","web",0
2021-10-01,68,"human rights","world","2012-01-01 2021-12-31","web",0
2021-11-01,67,"human rights","world","2012-01-01 2021-12-31","web",0
2021-12-01,68,"human rights","world","2012-01-01 2021-12-31","web",0
2012-01-01,42,"derechos humanos","world","2012-01-01 2021-12-31","web",0
2012-02-01,64,"derechos humanos","world","2012-01-01 2021-12-31","web",0
2012-03-01,80,"derechos humanos","world","2012-01-01 2021-12-31","web",0
2012-04-01,56,"derechos humanos","world","2012-01-01 2021-12-31","web",0
2012-05-01,72,"derechos humanos","world","2012-01-01 2021-12-31","web",0
2012-06-01,55,"derechos humanos","world","2012-01-01 2021-12-31","web",0
2012-07-01,40,"derechos humanos","world","2012-01-01 2021-12-31","web",0
2012-08-01,56,"derechos humanos","world","2012-01-01 2021-12-31","web",0
2012-09-01,72,"derechos humanos","world","2012-01-01 2021-12-31","web",0
2012-10-01,84,"derechos humanos","world","2012-01-01 2021-12-31","web",0
2012-11-01,77,"derechos humanos","world","2012-01-01 2021-12-31","web",0
2012-12-01,43,"derechos humanos","world","2012-01-01 2021-12-31","web",0
2013-01-01,39,"derechos humanos","world","2012-01-01 2021-12-31","web",0
2013-02-01,62,"derechos humanos","world","2012-01-01 2021-12-31","web",0
2013-03-01,66,"derechos humanos","world","2012-01-01 2021-12-31","web",0
2013-04-01,71,"derechos humanos","world","2012-01-01 2021-12-31","web",0
2013-05-01,68,"derechos humanos","world","2012-01-01 2021-12-31","web",0
2013-06-01,52,"derechos humanos","world","2012-01-01 2021-12-31","web",0
2013-07-01,41,"derechos humanos","world","2012-01-01 2021-12-31","web",0
2013-08-01,52,"derechos humanos","world","2012-01-01 2021-12-31","web",0
2013-09-01,76,"derechos humanos","world","2012-01-01 2021-12-31","web",0
2013-10-01,100,"derechos humanos","world","2012-01-01 2021-12-31","web",0
2013-11-01,84,"derechos humanos","world","2012-01-01 2021-12-31","web",0
2013-12-01,44,"derechos humanos","world","2012-01-01 2021-12-31","web",0
2014-01-01,40,"derechos humanos","world","2012-01-01 2021-12-31","web",0
2014-02-01,61,"derechos humanos","world","2012-01-01 2021-12-31","web",0
2014-03-01,77,"derechos humanos","world","2012-01-01 2021-12-31","web",0
2014-04-01,59,"derechos humanos","world","2012-01-01 2021-12-31","web",0
2014-05-01,68,"derechos humanos","world","2012-01-01 2021-12-31","web",0
2014-06-01,61,"derechos humanos","world","2012-01-01 2021-12-31","web",0
2014-07-01,45,"derechos humanos","world","2012-01-01 2021-12-31","web",0
2014-08-01,57,"derechos humanos","world","2012-01-01 2021-12-31","web",0
2014-09-01,75,"derechos humanos","world","2012-01-01 2021-12-31","web",0
2014-10-01,94,"derechos humanos","world","2012-01-01 2021-12-31","web",0
2014-11-01,81,"derechos humanos","world","2012-01-01 2021-12-31","web",0
2014-12-01,45,"derechos humanos","world","2012-01-01 2021-12-31","web",0
2015-01-01,38,"derechos humanos","world","2012-01-01 2021-12-31","web",0
2015-02-01,63,"derechos humanos","world","2012-01-01 2021-12-31","web",0
2015-03-01,76,"derechos humanos","world","2012-01-01 2021-12-31","web",0
2015-04-01,68,"derechos humanos","world","2012-01-01 2021-12-31","web",0
2015-05-01,69,"derechos humanos","world","2012-01-01 2021-12-31","web",0
2015-06-01,66,"derechos humanos","world","2012-01-01 2021-12-31","web",0
2015-07-01,44,"derechos humanos","world","2012-01-01 2021-12-31","web",0
2015-08-01,53,"derechos humanos","world","2012-01-01 2021-12-31","web",0
2015-09-01,74,"derechos humanos","world","2012-01-01 2021-12-31","web",0
2015-10-01,89,"derechos humanos","world","2012-01-01 2021-12-31","web",0
2015-11-01,84,"derechos humanos","world","2012-01-01 2021-12-31","web",0
2015-12-01,41,"derechos humanos","world","2012-01-01 2021-12-31","web",0
2016-01-01,35,"derechos humanos","world","2012-01-01 2021-12-31","web",0
2016-02-01,62,"derechos humanos","world","2012-01-01 2021-12-31","web",0
2016-03-01,65,"derechos humanos","world","2012-01-01 2021-12-31","web",0
2016-04-01,72,"derechos humanos","world","2012-01-01 2021-12-31","web",0
2016-05-01,70,"derechos humanos","world","2012-01-01 2021-12-31","web",0
2016-06-01,60,"derechos humanos","world","2012-01-01 2021-12-31","web",0
2016-07-01,40,"derechos humanos","world","2012-01-01 2021-12-31","web",0
2016-08-01,51,"derechos humanos","world","2012-01-01 2021-12-31","web",0
2016-09-01,65,"derechos humanos","world","2012-01-01 2021-12-31","web",0
2016-10-01,78,"derechos humanos","world","2012-01-01 2021-12-31","web",0
2016-11-01,72,"derechos humanos","world","2012-01-01 2021-12-31","web",0
2016-12-01,38,"derechos humanos","world","2012-01-01 2021-12-31","web",0
2017-01-01,33,"derechos humanos","world","2012-01-01 2021-12-31","web",0
2017-02-01,56,"derechos humanos","world","2012-01-01 2021-12-31","web",0
2017-03-01,72,"derechos humanos","world","2012-01-01 2021-12-31","web",0
2017-04-01,48,"derechos humanos","world","2012-01-01 2021-12-31","web",0
2017-05-01,62,"derechos humanos","world","2012-01-01 2021-12-31","web",0
2017-06-01,54,"derechos humanos","world","2012-01-01 2021-12-31","web",0
2017-07-01,37,"derechos humanos","world","2012-01-01 2021-12-31","web",0
2017-08-01,48,"derechos humanos","world","2012-01-01 2021-12-31","web",0
2017-09-01,59,"derechos humanos","world","2012-01-01 2021-12-31","web",0
2017-10-01,81,"derechos humanos","world","2012-01-01 2021-12-31","web",0
2017-11-01,80,"derechos humanos","world","2012-01-01 2021-12-31","web",0
2017-12-01,37,"derechos humanos","world","2012-01-01 2021-12-31","web",0
2018-01-01,34,"derechos humanos","world","2012-01-01 2021-12-31","web",0
2018-02-01,52,"derechos humanos","world","2012-01-01 2021-12-31","web",0
2018-03-01,60,"derechos humanos","world","2012-01-01 2021-12-31","web",0
2018-04-01,62,"derechos humanos","world","2012-01-01 2021-12-31","web",0
2018-05-01,64,"derechos humanos","world","2012-01-01 2021-12-31","web",0
2018-06-01,52,"derechos humanos","world","2012-01-01 2021-12-31","web",0
2018-07-01,35,"derechos humanos","world","2012-01-01 2021-12-31","web",0
2018-08-01,48,"derechos humanos","world","2012-01-01 2021-12-31","web",0
2018-09-01,56,"derechos humanos","world","2012-01-01 2021-12-31","web",0
2018-10-01,76,"derechos humanos","world","2012-01-01 2021-12-31","web",0
2018-11-01,66,"derechos humanos","world","2012-01-01 2021-12-31","web",0
2018-12-01,34,"derechos humanos","world","2012-01-01 2021-12-31","web",0
2019-01-01,32,"derechos humanos","world","2012-01-01 2021-12-31","web",0
2019-02-01,46,"derechos humanos","world","2012-01-01 2021-12-31","web",0
2019-03-01,54,"derechos humanos","world","2012-01-01 2021-12-31","web",0
2019-04-01,48,"derechos humanos","world","2012-01-01 2021-12-31","web",0
2019-05-01,60,"derechos humanos","world","2012-01-01 2021-12-31","web",0
2019-06-01,51,"derechos humanos","world","2012-01-01 2021-12-31","web",0
2019-07-01,35,"derechos humanos","world","2012-01-01 2021-12-31","web",0
2019-08-01,42,"derechos humanos","world","2012-01-01 2021-12-31","web",0
2019-09-01,55,"derechos humanos","world","2012-01-01 2021-12-31","web",0
2019-10-01,67,"derechos humanos","world","2012-01-01 2021-12-31","web",0
2019-11-01,70,"derechos humanos","world","2012-01-01 2021-12-31","web",0
2019-12-01,34,"derechos humanos","world","2012-01-01 2021-12-31","web",0
2020-01-01,30,"derechos humanos","world","2012-01-01 2021-12-31","web",0
2020-02-01,50,"derechos humanos","world","2012-01-01 2021-12-31","web",0
2020-03-01,58,"derechos humanos","world","2012-01-01 2021-12-31","web",0
2020-04-01,70,"derechos humanos","world","2012-01-01 2021-12-31","web",0
2020-05-01,90,"derechos humanos","world","2012-01-01 2021-12-31","web",0
2020-06-01,76,"derechos humanos","world","2012-01-01 2021-12-31","web",0
2020-07-01,47,"derechos humanos","world","2012-01-01 2021-12-31","web",0
2020-08-01,54,"derechos humanos","world","2012-01-01 2021-12-31","web",0
2020-09-01,79,"derechos humanos","world","2012-01-01 2021-12-31","web",0
2020-10-01,81,"derechos humanos","world","2012-01-01 2021-12-31","web",0
2020-11-01,80,"derechos humanos","world","2012-01-01 2021-12-31","web",0
2020-12-01,47,"derechos humanos","world","2012-01-01 2021-12-31","web",0
2021-01-01,36,"derechos humanos","world","2012-01-01 2021-12-31","web",0
2021-02-01,56,"derechos humanos","world","2012-01-01 2021-12-31","web",0
2021-03-01,69,"derechos humanos","world","2012-01-01 2021-12-31","web",0
2021-04-01,65,"derechos humanos","world","2012-01-01 2021-12-31","web",0
2021-05-01,76,"derechos humanos","world","2012-01-01 2021-12-31","web",0
2021-06-01,66,"derechos humanos","world","2012-01-01 2021-12-31","web",0
2021-07-01,44,"derechos humanos","world","2012-01-01 2021-12-31","web",0
2021-08-01,50,"derechos humanos","world","2012-01-01 2021-12-31","web",0
2021-09-01,69,"derechos humanos","world","2012-01-01 2021-12-31","web",0
2021-10-01,69,"derechos humanos","world","2012-01-01 2021-12-31","web",0
2021-11-01,74,"derechos humanos","world","2012-01-01 2021-12-31","web",0
2021-12-01,39,"derechos humanos","world","2012-01-01 2021-12-31","web",0
2012-01-01,41,"direitos humanos","world","2012-01-01 2021-12-31","web",0
2012-02-01,49,"direitos humanos","world","2012-01-01 2021-12-31","web",0
2012-03-01,82,"direitos humanos","world","2012-01-01 2021-12-31","web",0
2012-04-01,75,"direitos humanos","world","2012-01-01 2021-12-31","web",0
2012-05-01,91,"direitos humanos","world","2012-01-01 2021-12-31","web",0
2012-06-01,65,"direitos humanos","world","2012-01-01 2021-12-31","web",0
2012-07-01,39,"direitos humanos","world","2012-01-01 2021-12-31","web",0
2012-08-01,63,"direitos humanos","world","2012-01-01 2021-12-31","web",0
2012-09-01,61,"direitos humanos","world","2012-01-01 2021-12-31","web",0
2012-10-01,68,"direitos humanos","world","2012-01-01 2021-12-31","web",0
2012-11-01,83,"direitos humanos","world","2012-01-01 2021-12-31","web",0
2012-12-01,40,"direitos humanos","world","2012-01-01 2021-12-31","web",0
2013-01-01,37,"direitos humanos","world","2012-01-01 2021-12-31","web",0
2013-02-01,49,"direitos humanos","world","2012-01-01 2021-12-31","web",0
2013-03-01,100,"direitos humanos","world","2012-01-01 2021-12-31","web",0
2013-04-01,96,"direitos humanos","world","2012-01-01 2021-12-31","web",0
2013-05-01,89,"direitos humanos","world","2012-01-01 2021-12-31","web",0
2013-06-01,94,"direitos humanos","world","2012-01-01 2021-12-31","web",0
2013-07-01,49,"direitos humanos","world","2012-01-01 2021-12-31","web",0
2013-08-01,64,"direitos humanos","world","2012-01-01 2021-12-31","web",0
2013-09-01,62,"direitos humanos","world","2012-01-01 2021-12-31","web",0
2013-10-01,81,"direitos humanos","world","2012-01-01 2021-12-31","web",0
2013-11-01,77,"direitos humanos","world","2012-01-01 2021-12-31","web",0
2013-12-01,48,"direitos humanos","world","2012-01-01 2021-12-31","web",0
2014-01-01,33,"direitos humanos","world","2012-01-01 2021-12-31","web",0
2014-02-01,67,"direitos humanos","world","2012-01-01 2021-12-31","web",0
2014-03-01,73,"direitos humanos","world","2012-01-01 2021-12-31","web",0
2014-04-01,71,"direitos humanos","world","2012-01-01 2021-12-31","web",0
2014-05-01,81,"direitos humanos","world","2012-01-01 2021-12-31","web",0
2014-06-01,56,"direitos humanos","world","2012-01-01 2021-12-31","web",0
2014-07-01,48,"direitos humanos","world","2012-01-01 2021-12-31","web",0
2014-08-01,73,"direitos humanos","world","2012-01-01 2021-12-31","web",0
2014-09-01,81,"direitos humanos","world","2012-01-01 2021-12-31","web",0
2014-10-01,73,"direitos humanos","world","2012-01-01 2021-12-31","web",0
2014-11-01,81,"direitos humanos","world","2012-01-01 2021-12-31","web",0
2014-12-01,45,"direitos humanos","world","2012-01-01 2021-12-31","web",0
2015-01-01,33,"direitos humanos","world","2012-01-01 2021-12-31","web",0
2015-02-01,46,"direitos humanos","world","2012-01-01 2021-12-31","web",0
2015-03-01,77,"direitos humanos","world","2012-01-01 2021-12-31","web",0
2015-04-01,72,"direitos humanos","world","2012-01-01 2021-12-31","web",0
2015-05-01,78,"direitos humanos","world","2012-01-01 2021-12-31","web",0
2015-06-01,66,"direitos humanos","world","2012-01-01 2021-12-31","web",0
2015-07-01,42,"direitos humanos","world","2012-01-01 2021-12-31","web",0
2015-08-01,59,"direitos humanos","world","2012-01-01 2021-12-31","web",0
2015-09-01,72,"direitos humanos","world","2012-01-01 2021-12-31","web",0
2015-10-01,72,"direitos humanos","world","2012-01-01 2021-12-31","web",0
2015-11-01,71,"direitos humanos","world","2012-01-01 2021-12-31","web",0
2015-12-01,46,"direitos humanos","world","2012-01-01 2021-12-31","web",0
2016-01-01,27,"direitos humanos","world","2012-01-01 2021-12-31","web",0
2016-02-01,48,"direitos humanos","world","2012-01-01 2021-12-31","web",0
2016-03-01,66,"direitos humanos","world","2012-01-01 2021-12-31","web",0
2016-04-01,76,"direitos humanos","world","2012-01-01 2021-12-31","web",0
2016-05-01,77,"direitos humanos","world","2012-01-01 2021-12-31","web",0
2016-06-01,71,"direitos humanos","world","2012-01-01 2021-12-31","web",0
2016-07-01,41,"direitos humanos","world","2012-01-01 2021-12-31","web",0
2016-08-01,61,"direitos humanos","world","2012-01-01 2021-12-31","web",0
2016-09-01,66,"direitos humanos","world","2012-01-01 2021-12-31","web",0
2016-10-01,63,"direitos humanos","world","2012-01-01 2021-12-31","web",0
2016-11-01,78,"direitos humanos","world","2012-01-01 2021-12-31","web",0
2016-12-01,43,"direitos humanos","world","2012-01-01 2021-12-31","web",0
2017-01-01,36,"direitos humanos","world","2012-01-01 2021-12-31","web",0
2017-02-01,49,"direitos humanos","world","2012-01-01 2021-12-31","web",0
2017-03-01,68,"direitos humanos","world","2012-01-01 2021-12-31","web",0
2017-04-01,69,"direitos humanos","world","2012-01-01 2021-12-31","web",0
2017-05-01,74,"direitos humanos","world","2012-01-01 2021-12-31","web",0
2017-06-01,64,"direitos humanos","world","2012-01-01 2021-12-31","web",0
2017-07-01,43,"direitos humanos","world","2012-01-01 2021-12-31","web",0
2017-08-01,65,"direitos humanos","world","2012-01-01 2021-12-31","web",0
2017-09-01,81,"direitos humanos","world","2012-01-01 2021-12-31","web",0
2017-10-01,68,"direitos humanos","world","2012-01-01 2021-12-31","web",0
2017-11-01,95,"direitos humanos","world","2012-01-01 2021-12-31","web",0
2017-12-01,40,"direitos humanos","world","2012-01-01 2021-12-31","web",0
2018-01-01,30,"direitos humanos","world","2012-01-01 2021-12-31","web",0
2018-02-01,43,"direitos humanos","world","2012-01-01 2021-12-31","web",0
2018-03-01,81,"direitos humanos","world","2012-01-01 2021-12-31","web",0
2018-04-01,91,"direitos humanos","world","2012-01-01 2021-12-31","web",0
2018-05-01,76,"direitos humanos","world","2012-01-01 2021-12-31","web",0
2018-06-01,69,"direitos humanos","world","2012-01-01 2021-12-31","web",0
2018-07-01,44,"direitos humanos","world","2012-01-01 2021-12-31","web",0
2018-08-01,70,"direitos humanos","world","2012-01-01 2021-12-31","web",0
2018-09-01,82,"direitos humanos","world","2012-01-01 2021-12-31","web",0
2018-10-01,82,"direitos humanos","world","2012-01-01 2021-12-31","web",0
2018-11-01,96,"direitos humanos","world","2012-01-01 2021-12-31","web",0
2018-12-01,65,"direitos humanos","world","2012-01-01 2021-12-31","web",0
2019-01-01,58,"direitos humanos","world","2012-01-01 2021-12-31","web",0
2019-02-01,52,"direitos humanos","world","2012-01-01 2021-12-31","web",0
2019-03-01,64,"direitos humanos","world","2012-01-01 2021-12-31","web",0
2019-04-01,67,"direitos humanos","world","2012-01-01 2021-12-31","web",0
2019-05-01,64,"direitos humanos","world","2012-01-01 2021-12-31","web",0
2019-06-01,58,"direitos humanos","world","2012-01-01 2021-12-31","web",0
2019-07-01,35,"direitos humanos","world","2012-01-01 2021-12-31","web",0
2019-08-01,62,"direitos humanos","world","2012-01-01 2021-12-31","web",0
2019-09-01,66,"direitos humanos","world","2012-01-01 2021-12-31","web",0
2019-10-01,64,"direitos humanos","world","2012-01-01 2021-12-31","web",0
2019-11-01,68,"direitos humanos","world","2012-01-01 2021-12-31","web",0
2019-12-01,37,"direitos humanos","world","2012-01-01 2021-12-31","web",0
2020-01-01,28,"direitos humanos","world","2012-01-01 2021-12-31","web",0
2020-02-01,41,"direitos humanos","world","2012-01-01 2021-12-31","web",0
2020-03-01,50,"direitos humanos","world","2012-01-01 2021-12-31","web",0
2020-04-01,52,"direitos humanos","world","2012-01-01 2021-12-31","web",0
2020-05-01,68,"direitos humanos","world","2012-01-01 2021-12-31","web",0
2020-06-01,71,"direitos humanos","world","2012-01-01 2021-12-31","web",0
2020-07-01,48,"direitos humanos","world","2012-01-01 2021-12-31","web",0
2020-08-01,54,"direitos humanos","world","2012-01-01 2021-12-31","web",0
2020-09-01,60,"direitos humanos","world","2012-01-01 2021-12-31","web",0
2020-10-01,59,"direitos humanos","world","2012-01-01 2021-12-31","web",0
2020-11-01,63,"direitos humanos","world","2012-01-01 2021-12-31","web",0
2020-12-01,52,"direitos humanos","world","2012-01-01 2021-12-31","web",0
2021-01-01,33,"direitos humanos","world","2012-01-01 2021-12-31","web",0
2021-02-01,39,"direitos humanos","world","2012-01-01 2021-12-31","web",0
2021-03-01,56,"direitos humanos","world","2012-01-01 2021-12-31","web",0
2021-04-01,67,"direitos humanos","world","2012-01-01 2021-12-31","web",0
2021-05-01,69,"direitos humanos","world","2012-01-01 2021-12-31","web",0
2021-06-01,70,"direitos humanos","world","2012-01-01 2021-12-31","web",0
2021-07-01,71,"direitos humanos","world","2012-01-01 2021-12-31","web",0
2021-08-01,49,"direitos humanos","world","2012-01-01 2021-12-31","web",0
2021-09-01,63,"direitos humanos","world","2012-01-01 2021-12-31","web",0
2021-10-01,57,"direitos humanos","world","2012-01-01 2021-12-31","web",0
2021-11-01,70,"direitos humanos","world","2012-01-01 2021-12-31","web",0
2021-12-01,54,"direitos humanos","world","2012-01-01 2021-12-31","web",0
2012-01-01,54,"حقوق الانسان","world","2012-01-01 2021-12-31","web",0
2012-02-01,54,"حقوق الانسان","world","2012-01-01 2021-12-31","web",0
2012-03-01,58,"حقوق الانسان","world","2012-01-01 2021-12-31","web",0
2012-04-01,58,"حقوق الانسان","world","2012-01-01 2021-12-31","web",0
2012-05-01,52,"حقوق الانسان","world","2012-01-01 2021-12-31","web",0
2012-06-01,40,"حقوق الانسان","world","2012-01-01 2021-12-31","web",0
2012-07-01,28,"حقوق الانسان","world","2012-01-01 2021-12-31","web",0
2012-08-01,25,"حقوق الانسان","world","2012-01-01 2021-12-31","web",0
2012-09-01,46,"حقوق الانسان","world","2012-01-01 2021-12-31","web",0
2012-10-01,48,"حقوق الانسان","world","2012-01-01 2021-12-31","web",0
2012-11-01,59,"حقوق الانسان","world","2012-01-01 2021-12-31","web",0
2012-12-01,81,"حقوق الانسان","world","2012-01-01 2021-12-31","web",0
2013-01-01,45,"حقوق الانسان","world","2012-01-01 2021-12-31","web",0
2013-02-01,54,"حقوق الانسان","world","2012-01-01 2021-12-31","web",0
2013-03-01,57,"حقوق الانسان","world","2012-01-01 2021-12-31","web",0
2013-04-01,52,"حقوق الانسان","world","2012-01-01 2021-12-31","web",0
2013-05-01,50,"حقوق الانسان","world","2012-01-01 2021-12-31","web",0
2013-06-01,31,"حقوق الانسان","world","2012-01-01 2021-12-31","web",0
2013-07-01,28,"حقوق الانسان","world","2012-01-01 2021-12-31","web",0
2013-08-01,30,"حقوق الانسان","world","2012-01-01 2021-12-31","web",0
2013-09-01,41,"حقوق الانسان","world","2012-01-01 2021-12-31","web",0
2013-10-01,55,"حقوق الانسان","world","2012-01-01 2021-12-31","web",0
2013-11-01,67,"حقوق الانسان","world","2012-01-01 2021-12-31","web",0
2013-12-01,72,"حقوق الانسان","world","2012-01-01 2021-12-31","web",0
2014-01-01,49,"حقوق الانسان","world","2012-01-01 2021-12-31","web",0
2014-02-01,50,"حقوق الانسان","world","2012-01-01 2021-12-31","web",0
2014-03-01,54,"حقوق الانسان","world","2012-01-01 2021-12-31","web",0
2014-04-01,51,"حقوق الانسان","world","2012-01-01 2021-12-31","web",0
2014-05-01,44,"حقوق الانسان","world","2012-01-01 2021-12-31","web",0
2014-06-01,32,"حقوق الانسان","world","2012-01-01 2021-12-31","web",0
2014-07-01,19,"حقوق الانسان","world","2012-01-01 2021-12-31","web",0
2014-08-01,25,"حقوق الانسان","world","2012-01-01 2021-12-31","web",0
2014-09-01,37,"حقوق الانسان","world","2012-01-01 2021-12-31","web",0
2014-10-01,47,"حقوق الانسان","world","2012-01-01 2021-12-31","web",0
2014-11-01,72,"حقوق الانسان","world","2012-01-01 2021-12-31","web",0
2014-12-01,85,"حقوق الانسان","world","2012-01-01 2021-12-31","web",0
2015-01-01,45,"حقوق الانسان","world","2012-01-01 2021-12-31","web",0
2015-02-01,51,"حقوق الانسان","world","2012-01-01 2021-12-31","web",0
2015-03-01,58,"حقوق الانسان","world","2012-01-01 2021-12-31","web",0
2015-04-01,54,"حقوق الانسان","world","2012-01-01 2021-12-31","web",0
2015-05-01,46,"حقوق الانسان","world","2012-01-01 2021-12-31","web",0
2015-06-01,26,"حقوق الانسان","world","2012-01-01 2021-12-31","web",0
2015-07-01,20,"حقوق الانسان","world","2012-01-01 2021-12-31","web",0
2015-08-01,26,"حقوق الانسان","world","2012-01-01 2021-12-31","web",0
2015-09-01,30,"حقوق الانسان","world","2012-01-01 2021-12-31","web",0
2015-10-01,53,"حقوق الانسان","world","2012-01-01 2021-12-31","web",0
2015-11-01,64,"حقوق الانسان","world","2012-01-01 2021-12-31","web",0
2015-12-01,73,"حقوق الانسان","world","2012-01-01 2021-12-31","web",0
2016-01-01,57,"حقوق الانسان","world","2012-01-01 2021-12-31","web",0
2016-02-01,60,"حقوق الانسان","world","2012-01-01 2021-12-31","web",0
2016-03-01,68,"حقوق الانسان","world","2012-01-01 2021-12-31","web",0
2016-04-01,63,"حقوق الانسان","world","2012-01-01 2021-12-31","web",0
2016-05-01,55,"حقوق الانسان","world","2012-01-01 2021-12-31","web",0
2016-06-01,26,"حقوق الانسان","world","2012-01-01 2021-12-31","web",0
2016-07-01,23,"حقوق الانسان","world","2012-01-01 2021-12-31","web",0
2016-08-01,22,"حقوق الانسان","world","2012-01-01 2021-12-31","web",0
2016-09-01,30,"حقوق الانسان","world","2012-01-01 2021-12-31","web",0
2016-10-01,65,"حقوق الانسان","world","2012-01-01 2021-12-31","web",0
2016-11-01,64,"حقوق الانسان","world","2012-01-01 2021-12-31","web",0
2016-12-01,74,"حقوق الانسان","world","2012-01-01 2021-12-31","web",0
2017-01-01,41,"حقوق الانسان","world","2012-01-01 2021-12-31","web",0
2017-02-01,42,"حقوق الانسان","world","2012-01-01 2021-12-31","web",0
2017-03-01,52,"حقوق الانسان","world","2012-01-01 2021-12-31","web",0
2017-04-01,46,"حقوق الانسان","world","2012-01-01 2021-12-31","web",0
2017-05-01,40,"حقوق الانسان","world","2012-01-01 2021-12-31","web",0
2017-06-01,22,"حقوق الانسان","world","2012-01-01 2021-12-31","web",0
2017-07-01,25,"حقوق الانسان","world","2012-01-01 2021-12-31","web",0
2017-08-01,20,"حقوق الانسان","world","2012-01-01 2021-12-31","web",0
2017-09-01,38,"حقوق الانسان","world","2012-01-01 2021-12-31","web",0
2017-10-01,69,"حقوق الانسان","world","2012-01-01 2021-12-31","web",0
2017-11-01,62,"حقوق الانسان","world","2012-01-01 2021-12-31","web",0
2017-12-01,63,"حقوق الانسان","world","2012-01-01 2021-12-31","web",0
2018-01-01,40,"حقوق الانسان","world","2012-01-01 2021-12-31","web",0
2018-02-01,46,"حقوق الانسان","world","2012-01-01 2021-12-31","web",0
2018-03-01,50,"حقوق الانسان","world","2012-01-01 2021-12-31","web",0
2018-04-01,41,"حقوق الانسان","world","2012-01-01 2021-12-31","web",0
2018-05-01,31,"حقوق الانسان","world","2012-01-01 2021-12-31","web",0
2018-06-01,22,"حقوق الانسان","world","2012-01-01 2021-12-31","web",0
2018-07-01,21,"حقوق الانسان","world","2012-01-01 2021-12-31","web",0
2018-08-01,21,"حقوق الانسان","world","2012-01-01 2021-12-31","web",0
2018-09-01,28,"حقوق الانسان","world","2012-01-01 2021-12-31","web",0
2018-10-01,40,"حقوق الانسان","world","2012-01-01 2021-12-31","web",0
2018-11-01,44,"حقوق الانسان","world","2012-01-01 2021-12-31","web",0
2018-12-01,50,"حقوق الانسان","world","2012-01-01 2021-12-31","web",0
2019-01-01,36,"حقوق الانسان","world","2012-01-01 2021-12-31","web",0
2019-02-01,55,"حقوق الانسان","world","2012-01-01 2021-12-31","web",0
2019-03-01,41,"حقوق الانسان","world","2012-01-01 2021-12-31","web",0
2019-04-01,33,"حقوق الانسان","world","2012-01-01 2021-12-31","web",0
2019-05-01,28,"حقوق الانسان","world","2012-01-01 2021-12-31","web",0
2019-06-01,27,"حقوق الانسان","world","2012-01-01 2021-12-31","web",0
2019-07-01,23,"حقوق الانسان","world","2012-01-01 2021-12-31","web",0
2019-08-01,15,"حقوق الانسان","world","2012-01-01 2021-12-31","web",0
2019-09-01,23,"حقوق الانسان","world","2012-01-01 2021-12-31","web",0
2019-10-01,35,"حقوق الانسان","world","2012-01-01 2021-12-31","web",0
2019-11-01,39,"حقوق الانسان","world","2012-01-01 2021-12-31","web",0
2019-12-01,46,"حقوق الانسان","world","2012-01-01 2021-12-31","web",0
2020-01-01,31,"حقوق الانسان","world","2012-01-01 2021-12-31","web",0
2020-02-01,39,"حقوق الانسان","world","2012-01-01 2021-12-31","web",0
2020-03-01,25,"حقوق الانسان","world","2012-01-01 2021-12-31","web",0
2020-04-01,30,"حقوق الانسان","world","2012-01-01 2021-12-31","web",0
2020-05-01,79,"حقوق الانسان","world","2012-01-01 2021-12-31","web",0
2020-06-01,100,"حقوق الانسان","world","2012-01-01 2021-12-31","web",0
2020-07-01,36,"حقوق الانسان","world","2012-01-01 2021-12-31","web",0
2020-08-01,25,"حقوق الانسان","world","2012-01-01 2021-12-31","web",0
2020-09-01,29,"حقوق الانسان","world","2012-01-01 2021-12-31","web",0
2020-10-01,31,"حقوق الانسان","world","2012-01-01 2021-12-31","web",0
2020-11-01,39,"حقوق الانسان","world","2012-01-01 2021-12-31","web",0
2020-12-01,38,"حقوق الانسان","world","2012-01-01 2021-12-31","web",0
2021-01-01,29,"حقوق الانسان","world","2012-01-01 2021-12-31","web",0
2021-02-01,45,"حقوق الانسان","world","2012-01-01 2021-12-31","web",0
2021-03-01,59,"حقوق الانسان","world","2012-01-01 2021-12-31","web",0
2021-04-01,37,"حقوق الانسان","world","2012-01-01 2021-12-31","web",0
2021-05-01,34,"حقوق الانسان","world","2012-01-01 2021-12-31","web",0
2021-06-01,34,"حقوق الانسان","world","2012-01-01 2021-12-31","web",0
2021-07-01,23,"حقوق الانسان","world","2012-01-01 2021-12-31","web",0
2021-08-01,21,"حقوق الانسان","world","2012-01-01 2021-12-31","web",0
2021-09-01,28,"حقوق الانسان","world","2012-01-01 2021-12-31","web",0
2021-10-01,28,"حقوق الانسان","world","2012-01-01 2021-12-31","web",0
2021-11-01,36,"حقوق الانسان","world","2012-01-01 2021-12-31","web",0
2021-12-01,48,"حقوق الانسان","world","2012-01-01 2021-12-31","web",0
2012-01-01,58,"droits","world","2012-01-01 2021-12-31","web",0
2012-02-01,57,"droits","world","2012-01-01 2021-12-31","web",0
2012-03-01,59,"droits","world","2012-01-01 2021-12-31","web",0
2012-04-01,57,"droits","world","2012-01-01 2021-12-31","web",0
2012-05-01,53,"droits","world","2012-01-01 2021-12-31","web",0
2012-06-01,50,"droits","world","2012-01-01 2021-12-31","web",0
2012-07-01,44,"droits","world","2012-01-01 2021-12-31","web",0
2012-08-01,40,"droits","world","2012-01-01 2021-12-31","web",0
2012-09-01,54,"droits","world","2012-01-01 2021-12-31","web",0
2012-10-01,63,"droits","world","2012-01-01 2021-12-31","web",0
2012-11-01,58,"droits","world","2012-01-01 2021-12-31","web",0
2012-12-01,48,"droits","world","2012-01-01 2021-12-31","web",0
2013-01-01,58,"droits","world","2012-01-01 2021-12-31","web",0
2013-02-01,56,"droits","world","2012-01-01 2021-12-31","web",0
2013-03-01,51,"droits","world","2012-01-01 2021-12-31","web",0
2013-04-01,50,"droits","world","2012-01-01 2021-12-31","web",0
2013-05-01,46,"droits","world","2012-01-01 2021-12-31","web",0
2013-06-01,43,"droits","world","2012-01-01 2021-12-31","web",0
2013-07-01,42,"droits","world","2012-01-01 2021-12-31","web",0
2013-08-01,34,"droits","world","2012-01-01 2021-12-31","web",0
2013-09-01,49,"droits","world","2012-01-01 2021-12-31","web",0
2013-10-01,58,"droits","world","2012-01-01 2021-12-31","web",0
2013-11-01,56,"droits","world","2012-01-01 2021-12-31","web",0
2013-12-01,48,"droits","world","2012-01-01 2021-12-31","web",0
2014-01-01,57,"droits","world","2012-01-01 2021-12-31","web",0
2014-02-01,56,"droits","world","2012-01-01 2021-12-31","web",0
2014-03-01,100,"droits","world","2012-01-01 2021-12-31","web",0
2014-04-01,53,"droits","world","2012-01-01 2021-12-31","web",0
2014-05-01,43,"droits","world","2012-01-01 2021-12-31","web",0
2014-06-01,43,"droits","world","2012-01-01 2021-12-31","web",0
2014-07-01,39,"droits","world","2012-01-01 2021-12-31","web",0
2014-08-01,36,"droits","world","2012-01-01 2021-12-31","web",0
2014-09-01,48,"droits","world","2012-01-01 2021-12-31","web",0
2014-10-01,55,"droits","world","2012-01-01 2021-12-31","web",0
2014-11-01,56,"droits","world","2012-01-01 2021-12-31","web",0
2014-12-01,44,"droits","world","2012-01-01 2021-12-31","web",0
2015-01-01,54,"droits","world","2012-01-01 2021-12-31","web",0
2015-02-01,53,"droits","world","2012-01-01 2021-12-31","web",0
2015-03-01,72,"droits","world","2012-01-01 2021-12-31","web",0
2015-04-01,49,"droits","world","2012-01-01 2021-12-31","web",0
2015-05-01,44,"droits","world","2012-01-01 2021-12-31","web",0
2015-06-01,43,"droits","world","2012-01-01 2021-12-31","web",0
2015-07-01,33,"droits","world","2012-01-01 2021-12-31","web",0
2015-08-01,34,"droits","world","2012-01-01 2021-12-31","web",0
2015-09-01,46,"droits","world","2012-01-01 2021-12-31","web",0
2015-10-01,49,"droits","world","2012-01-01 2021-12-31","web",0
2015-11-01,57,"droits","world","2012-01-01 2021-12-31","web",0
2015-12-01,43,"droits","world","2012-01-01 2021-12-31","web",0
2016-01-01,80,"droits","world","2012-01-01 2021-12-31","web",0
2016-02-01,78,"droits","world","2012-01-01 2021-12-31","web",0
2016-03-01,77,"droits","world","2012-01-01 2021-12-31","web",0
2016-04-01,69,"droits","world","2012-01-01 2021-12-31","web",0
2016-05-01,68,"droits","world","2012-01-01 2021-12-31","web",0
2016-06-01,54,"droits","world","2012-01-01 2021-12-31","web",0
2016-07-01,41,"droits","world","2012-01-01 2021-12-31","web",0
2016-08-01,40,"droits","world","2012-01-01 2021-12-31","web",0
2016-09-01,61,"droits","world","2012-01-01 2021-12-31","web",0
2016-10-01,66,"droits","world","2012-01-01 2021-12-31","web",0
2016-11-01,80,"droits","world","2012-01-01 2021-12-31","web",0
2016-12-01,58,"droits","world","2012-01-01 2021-12-31","web",0
2017-01-01,66,"droits","world","2012-01-01 2021-12-31","web",0
2017-02-01,64,"droits","world","2012-01-01 2021-12-31","web",0
2017-03-01,76,"droits","world","2012-01-01 2021-12-31","web",0
2017-04-01,58,"droits","world","2012-01-01 2021-12-31","web",0
2017-05-01,59,"droits","world","2012-01-01 2021-12-31","web",0
2017-06-01,50,"droits","world","2012-01-01 2021-12-31","web",0
2017-07-01,39,"droits","world","2012-01-01 2021-12-31","web",0
2017-08-01,36,"droits","world","2012-01-01 2021-12-31","web",0
2017-09-01,57,"droits","world","2012-01-01 2021-12-31","web",0
2017-10-01,68,"droits","world","2012-01-01 2021-12-31","web",0
2017-11-01,71,"droits","world","2012-01-01 2021-12-31","web",0
2017-12-01,54,"droits","world","2012-01-01 2021-12-31","web",0
2018-01-01,63,"droits","world","2012-01-01 2021-12-31","web",0
2018-02-01,64,"droits","world","2012-01-01 2021-12-31","web",0
2018-03-01,71,"droits","world","2012-01-01 2021-12-31","web",0
2018-04-01,57,"droits","world","2012-01-01 2021-12-31","web",0
2018-05-01,58,"droits","world","2012-01-01 2021-12-31","web",0
2018-06-01,52,"droits","world","2012-01-01 2021-12-31","web",0
2018-07-01,38,"droits","world","2012-01-01 2021-12-31","web",0
2018-08-01,37,"droits","world","2012-01-01 2021-12-31","web",0
2018-09-01,57,"droits","world","2012-01-01 2021-12-31","web",0
2018-10-01,61,"droits","world","2012-01-01 2021-12-31","web",0
2018-11-01,70,"droits","world","2012-01-01 2021-12-31","web",0
2018-12-01,53,"droits","world","2012-01-01 2021-12-31","web",0
2019-01-01,60,"droits","world","2012-01-01 2021-12-31","web",0
2019-02-01,59,"droits","world","2012-01-01 2021-12-31","web",0
2019-03-01,67,"droits","world","2012-01-01 2021-12-31","web",0
2019-04-01,54,"droits","world","2012-01-01 2021-12-31","web",0
2019-05-01,53,"droits","world","2012-01-01 2021-12-31","web",0
2019-06-01,48,"droits","world","2012-01-01 2021-12-31","web",0
2019-07-01,39,"droits","world","2012-01-01 2021-12-31","web",0
2019-08-01,32,"droits","world","2012-01-01 2021-12-31","web",0
2019-09-01,58,"droits","world","2012-01-01 2021-12-31","web",0
2019-10-01,59,"droits","world","2012-01-01 2021-12-31","web",0
2019-11-01,65,"droits","world","2012-01-01 2021-12-31","web",0
2019-12-01,50,"droits","world","2012-01-01 2021-12-31","web",0
2020-01-01,59,"droits","world","2012-01-01 2021-12-31","web",0
2020-02-01,57,"droits","world","2012-01-01 2021-12-31","web",0
2020-03-01,64,"droits","world","2012-01-01 2021-12-31","web",0
2020-04-01,50,"droits","world","2012-01-01 2021-12-31","web",0
2020-05-01,53,"droits","world","2012-01-01 2021-12-31","web",0
2020-06-01,55,"droits","world","2012-01-01 2021-12-31","web",0
2020-07-01,45,"droits","world","2012-01-01 2021-12-31","web",0
2020-08-01,39,"droits","world","2012-01-01 2021-12-31","web",0
2020-09-01,56,"droits","world","2012-01-01 2021-12-31","web",0
2020-10-01,59,"droits","world","2012-01-01 2021-12-31","web",0
2020-11-01,68,"droits","world","2012-01-01 2021-12-31","web",0
2020-12-01,55,"droits","world","2012-01-01 2021-12-31","web",0
2021-01-01,76,"droits","world","2012-01-01 2021-12-31","web",0
2021-02-01,68,"droits","world","2012-01-01 2021-12-31","web",0
2021-03-01,79,"droits","world","2012-01-01 2021-12-31","web",0
2021-04-01,60,"droits","world","2012-01-01 2021-12-31","web",0
2021-05-01,61,"droits","world","2012-01-01 2021-12-31","web",0
2021-06-01,58,"droits","world","2012-01-01 2021-12-31","web",0
2021-07-01,47,"droits","world","2012-01-01 2021-12-31","web",0
2021-08-01,38,"droits","world","2012-01-01 2021-12-31","web",0
2021-09-01,57,"droits","world","2012-01-01 2021-12-31","web",0
2021-10-01,60,"droits","world","2012-01-01 2021-12-31","web",0
2021-11-01,66,"droits","world","2012-01-01 2021-12-31","web",0
2021-12-01,58,"droits","world","2012-01-01 2021-12-31","web",0
2012-01-01,68,"%2Fm%2F03ll3","world","2012-01-01 2021-12-31","web",0
2012-02-01,81,"%2Fm%2F03ll3","world","2012-01-01 2021-12-31","web",0
2012-03-01,88,"%2Fm%2F03ll3","world","2012-01-01 2021-12-31","web",0
2012-04-01,73,"%2Fm%2F03ll3","world","2012-01-01 2021-12-31","web",0
2012-05-01,83,"%2Fm%2F03ll3","world","2012-01-01 2021-12-31","web",0
2012-06-01,66,"%2Fm%2F03ll3","world","2012-01-01 2021-12-31","web",0
2012-07-01,49,"%2Fm%2F03ll3","world","2012-01-01 2021-12-31","web",0
2012-08-01,59,"%2Fm%2F03ll3","world","2012-01-01 2021-12-31","web",0
2012-09-01,76,"%2Fm%2F03ll3","world","2012-01-01 2021-12-31","web",0
2012-10-01,82,"%2Fm%2F03ll3","world","2012-01-01 2021-12-31","web",0
2012-11-01,85,"%2Fm%2F03ll3","world","2012-01-01 2021-12-31","web",0
2012-12-01,69,"%2Fm%2F03ll3","world","2012-01-01 2021-12-31","web",0
2013-01-01,61,"%2Fm%2F03ll3","world","2012-01-01 2021-12-31","web",0
2013-02-01,75,"%2Fm%2F03ll3","world","2012-01-01 2021-12-31","web",0
2013-03-01,79,"%2Fm%2F03ll3","world","2012-01-01 2021-12-31","web",0
2013-04-01,82,"%2Fm%2F03ll3","world","2012-01-01 2021-12-31","web",0
2013-05-01,79,"%2Fm%2F03ll3","world","2012-01-01 2021-12-31","web",0
2013-06-01,62,"%2Fm%2F03ll3","world","2012-01-01 2021-12-31","web",0
2013-07-01,50,"%2Fm%2F03ll3","world","2012-01-01 2021-12-31","web",0
2013-08-01,63,"%2Fm%2F03ll3","world","2012-01-01 2021-12-31","web",0
2013-09-01,76,"%2Fm%2F03ll3","world","2012-01-01 2021-12-31","web",0
2013-10-01,94,"%2Fm%2F03ll3","world","2012-01-01 2021-12-31","web",0
2013-11-01,86,"%2Fm%2F03ll3","world","2012-01-01 2021-12-31","web",0
2013-12-01,74,"%2Fm%2F03ll3","world","2012-01-01 2021-12-31","web",0
2014-01-01,62,"%2Fm%2F03ll3","world","2012-01-01 2021-12-31","web",0
2014-02-01,78,"%2Fm%2F03ll3","world","2012-01-01 2021-12-31","web",0
2014-03-01,80,"%2Fm%2F03ll3","world","2012-01-01 2021-12-31","web",0
2014-04-01,70,"%2Fm%2F03ll3","world","2012-01-01 2021-12-31","web",0
2014-05-01,78,"%2Fm%2F03ll3","world","2012-01-01 2021-12-31","web",0
2014-06-01,65,"%2Fm%2F03ll3","world","2012-01-01 2021-12-31","web",0
2014-07-01,54,"%2Fm%2F03ll3","world","2012-01-01 2021-12-31","web",0
2014-08-01,90,"%2Fm%2F03ll3","world","2012-01-01 2021-12-31","web",0
2014-09-01,100,"%2Fm%2F03ll3","world","2012-01-01 2021-12-31","web",0
2014-10-01,98,"%2Fm%2F03ll3","world","2012-01-01 2021-12-31","web",0
2014-11-01,90,"%2Fm%2F03ll3","world","2012-01-01 2021-12-31","web",0
2014-12-01,75,"%2Fm%2F03ll3","world","2012-01-01 2021-12-31","web",0
2015-01-01,63,"%2Fm%2F03ll3","world","2012-01-01 2021-12-31","web",0
2015-02-01,70,"%2Fm%2F03ll3","world","2012-01-01 2021-12-31","web",0
2015-03-01,84,"%2Fm%2F03ll3","world","2012-01-01 2021-12-31","web",0
2015-04-01,75,"%2Fm%2F03ll3","world","2012-01-01 2021-12-31","web",0
2015-05-01,81,"%2Fm%2F03ll3","world","2012-01-01 2021-12-31","web",0
2015-06-01,66,"%2Fm%2F03ll3","world","2012-01-01 2021-12-31","web",0
2015-07-01,50,"%2Fm%2F03ll3","world","2012-01-01 2021-12-31","web",0
2015-08-01,81,"%2Fm%2F03ll3","world","2012-01-01 2021-12-31","web",0
2015-09-01,84,"%2Fm%2F03ll3","world","2012-01-01 2021-12-31","web",0
2015-10-01,88,"%2Fm%2F03ll3","world","2012-01-01 2021-12-31","web",0
2015-11-01,93,"%2Fm%2F03ll3","world","2012-01-01 2021-12-31","web",0
2015-12-01,74,"%2Fm%2F03ll3","world","2012-01-01 2021-12-31","web",0
2016-01-01,65,"%2Fm%2F03ll3","world","2012-01-01 2021-12-31","web",0
2016-02-01,80,"%2Fm%2F03ll3","world","2012-01-01 2021-12-31","web",0
2016-03-01,79,"%2Fm%2F03ll3","world","2012-01-01 2021-12-31","web",0
2016-04-01,83,"%2Fm%2F03ll3","world","2012-01-01 2021-12-31","web",0
2016-05-01,88,"%2Fm%2F03ll3","world","2012-01-01 2021-12-31","web",0
2016-06-01,66,"%2Fm%2F03ll3","world","2012-01-01 2021-12-31","web",0
2016-07-01,55,"%2Fm%2F03ll3","world","2012-01-01 2021-12-31","web",0
2016-08-01,82,"%2Fm%2F03ll3","world","2012-01-01 2021-12-31","web",0
2016-09-01,77,"%2Fm%2F03ll3","world","2012-01-01 2021-12-31","web",0
2016-10-01,80,"%2Fm%2F03ll3","world","2012-01-01 2021-12-31","web",0
2016-11-01,91,"%2Fm%2F03ll3","world","2012-01-01 2021-12-31","web",0
2016-12-01,68,"%2Fm%2F03ll3","world","2012-01-01 2021-12-31","web",0
2017-01-01,61,"%2Fm%2F03ll3","world","2012-01-01 2021-12-31","web",0
2017-02-01,73,"%2Fm%2F03ll3","world","2012-01-01 2021-12-31","web",0
2017-03-01,86,"%2Fm%2F03ll3","world","2012-01-01 2021-12-31","web",0
2017-04-01,73,"%2Fm%2F03ll3","world","2012-01-01 2021-12-31","web",0
2017-05-01,88,"%2Fm%2F03ll3","world","2012-01-01 2021-12-31","web",0
2017-06-01,65,"%2Fm%2F03ll3","world","2012-01-01 2021-12-31","web",0
2017-07-01,55,"%2Fm%2F03ll3","world","2012-01-01 2021-12-31","web",0
2017-08-01,79,"%2Fm%2F03ll3","world","2012-01-01 2021-12-31","web",0
2017-09-01,78,"%2Fm%2F03ll3","world","2012-01-01 2021-12-31","web",0
2017-10-01,88,"%2Fm%2F03ll3","world","2012-01-01 2021-12-31","web",0
2017-11-01,91,"%2Fm%2F03ll3","world","2012-01-01 2021-12-31","web",0
2017-12-01,69,"%2Fm%2F03ll3","world","2012-01-01 2021-12-31","web",0
2018-01-01,56,"%2Fm%2F03ll3","world","2012-01-01 2021-12-31","web",0
2018-02-01,68,"%2Fm%2F03ll3","world","2012-01-01 2021-12-31","web",0
2018-03-01,77,"%2Fm%2F03ll3","world","2012-01-01 2021-12-31","web",0
2018-04-01,80,"%2Fm%2F03ll3","world","2012-01-01 2021-12-31","web",0
2018-05-01,75,"%2Fm%2F03ll3","world","2012-01-01 2021-12-31","web",0
2018-06-01,67,"%2Fm%2F03ll3","world","2012-01-01 2021-12-31","web",0
2018-07-01,50,"%2Fm%2F03ll3","world","2012-01-01 2021-12-31","web",0
2018-08-01,79,"%2Fm%2F03ll3","world","2012-01-01 2021-12-31","web",0
2018-09-01,84,"%2Fm%2F03ll3","world","2012-01-01 2021-12-31","web",0
2018-10-01,90,"%2Fm%2F03ll3","world","2012-01-01 2021-12-31","web",0
2018-11-01,88,"%2Fm%2F03ll3","world","2012-01-01 2021-12-31","web",0
2018-12-01,72,"%2Fm%2F03ll3","world","2012-01-01 2021-12-31","web",0
2019-01-01,58,"%2Fm%2F03ll3","world","2012-01-01 2021-12-31","web",0
2019-02-01,64,"%2Fm%2F03ll3","world","2012-01-01 2021-12-31","web",0
2019-03-01,73,"%2Fm%2F03ll3","world","2012-01-01 2021-12-31","web",0
2019-04-01,66,"%2Fm%2F03ll3","world","2012-01-01 2021-12-31","web",0
2019-05-01,75,"%2Fm%2F03ll3","world","2012-01-01 2021-12-31","web",0
2019-06-01,55,"%2Fm%2F03ll3","world","2012-01-01 2021-12-31","web",0
2019-07-01,58,"%2Fm%2F03ll3","world","2012-01-01 2021-12-31","web",0
2019-08-01,78,"%2Fm%2F03ll3","world","2012-01-01 2021-12-31","web",0
2019-09-01,85,"%2Fm%2F03ll3","world","2012-01-01 2021-12-31","web",0
2019-10-01,84,"%2Fm%2F03ll3","world","2012-01-01 2021-12-31","web",0
2019-11-01,96,"%2Fm%2F03ll3","world","2012-01-01 2021-12-31","web",0
2019-12-01,73,"%2Fm%2F03ll3","world","2012-01-01 2021-12-31","web",0
2020-01-01,55,"%2Fm%2F03ll3","world","2012-01-01 2021-12-31","web",0
2020-02-01,67,"%2Fm%2F03ll3","world","2012-01-01 2021-12-31","web",0
2020-03-01,62,"%2Fm%2F03ll3","world","2012-01-01 2021-12-31","web",0
2020-04-01,72,"%2Fm%2F03ll3","world","2012-01-01 2021-12-31","web",0
2020-05-01,78,"%2Fm%2F03ll3","world","2012-01-01 2021-12-31","web",0
2020-06-01,77,"%2Fm%2F03ll3","world","2012-01-01 2021-12-31","web",0
2020-07-01,70,"%2Fm%2F03ll3","world","2012-01-01 2021-12-31","web",0
2020-08-01,86,"%2Fm%2F03ll3","world","2012-01-01 2021-12-31","web",0
2020-09-01,97,"%2Fm%2F03ll3","world","2012-01-01 2021-12-31","web",0
2020-10-01,84,"%2Fm%2F03ll3","world","2012-01-01 2021-12-31","web",0
2020-11-01,89,"%2Fm%2F03ll3","world","2012-01-01 2021-12-31","web",0
2020-12-01,83,"%2Fm%2F03ll3","world","2012-01-01 2021-12-31","web",0
2021-01-01,59,"%2Fm%2F03ll3","world","2012-01-01 2021-12-31","web",0
2021-02-01,68,"%2Fm%2F03ll3","world","2012-01-01 2021-12-31","web",0
2021-03-01,81,"%2Fm%2F03ll3","world","2012-01-01 2021-12-31","web",0
2021-04-01,73,"%2Fm%2F03ll3","world","2012-01-01 2021-12-31","web",0
2021-05-01,78,"%2Fm%2F03ll3","world","2012-01-01 2021-12-31","web",0
2021-06-01,72,"%2Fm%2F03ll3","world","2012-01-01 2021-12-31","web",0
2021-07-01,62,"%2Fm%2F03ll3","world","2012-01-01 2021-12-31","web",0
2021-08-01,84,"%2Fm%2F03ll3","world","2012-01-01 2021-12-31","web",0
2021-09-01,92,"%2Fm%2F03ll3","world","2012-01-01 2021-12-31","web",0
2021-10-01,82,"%2Fm%2F03ll3","world","2012-01-01 2021-12-31","web",0
2021-11-01,92,"%2Fm%2F03ll3","world","2012-01-01 2021-12-31","web",0
2021-12-01,80,"%2Fm%2F03ll3","world","2012-01-01 2021-12-31","web",0
